Workbook

Sheet Reconciliation
A1: Trade ID | B1: Bank Date | C1: Bank Amount | D1: Custodian Date | E1: Custodian Amount | F1: Status | H1: Break Type | I1: Count | L1: Trade ID | M1: Break Type | N1: Detail
A2: TRD1001 | B2: 46276 | C2: 593200 | D2: =IFERROR(VLOOKUP(A2,Custodian_Records!A:F,2,FALSE),"NOT FOUND") -> 46276 | E2: =IFERROR(VLOOKUP(Reconciliation!A2,Custodian_Records!A:F,6,FALSE),"NOT FOUND") -> 593200 | F2: =IF(D2="NOT FOUND","MISSING IN CUSTODIAN",IF(E2<>C2,"AMOUNT BREAK",IF(D2<>B2,"DATE BREAK","MATCHED"))) -> MATCHED | H2: Matched | I2: =COUNTIF($F$2:$F$61,"Matched") -> 50 | L2: TRD1005 | M2: Amount mismatch | N2: Bank 60,700 vs Custodian 63,200
A3: TRD1002 | B3: 46268 | C3: 89850 | D3: =IFERROR(VLOOKUP(A3,Custodian_Records!A:F,2,FALSE),"NOT FOUND") -> 46268 | E3: =IFERROR(VLOOKUP(Reconciliation!A3,Custodian_Records!A:F,6,FALSE),"NOT FOUND") -> 89850 | F3: =IF(D3="NOT FOUND","MISSING IN CUSTODIAN",IF(E3<>C3,"AMOUNT BREAK",IF(D3<>B3,"DATE BREAK","MATCHED"))) -> MATCHED | H3: Amount Break | I3: =COUNTIF($F$2:$F$61,"Amount Break") -> 5 | L3: TRD1010 | M3: Date mismatch | N3: Bank 2026-09-12 vs Custodian 2026-09-13
A4: TRD1003 | B4: 46282 | C4: 32600 | D4: =IFERROR(VLOOKUP(A4,Custodian_Records!A:F,2,FALSE),"NOT FOUND") -> 46282 | E4: =IFERROR(VLOOKUP(Reconciliation!A4,Custodian_Records!A:F,6,FALSE),"NOT FOUND") -> 32600 | F4: =IF(D4="NOT FOUND","MISSING IN CUSTODIAN",IF(E4<>C4,"AMOUNT BREAK",IF(D4<>B4,"DATE BREAK","MATCHED"))) -> MATCHED | H4: Date Break | I4: =COUNTIF($F$2:$F$61,"Date Break") -> 2 | L4: TRD1014 | M4: Missing in Custodian | N4: Present in Bank only
A5: TRD1004 | B5: 46279 | C5: 67100 | D5: =IFERROR(VLOOKUP(A5,Custodian_Records!A:F,2,FALSE),"NOT FOUND") -> 46279 | E5: =IFERROR(VLOOKUP(Reconciliation!A5,Custodian_Records!A:F,6,FALSE),"NOT FOUND") -> 67100 | F5: =IF(D5="NOT FOUND","MISSING IN CUSTODIAN",IF(E5<>C5,"AMOUNT BREAK",IF(D5<>B5,"DATE BREAK","MATCHED"))) -> MATCHED | H5: Missing in Custodian | I5: =COUNTIF($F$2:$F$61,"Missing in Custodian") -> 3 | L5: TRD1018 | M5: Amount mismatch | N5: Bank 253,950 vs Custodian 252,750
A6: TRD1005 | B6: 46267 | C6: 60700 | D6: =IFERROR(VLOOKUP(A6,Custodian_Records!A:F,2,FALSE),"NOT FOUND") -> 46267 | E6: =IFERROR(VLOOKUP(Reconciliation!A6,Custodian_Records!A:F,6,FALSE),"NOT FOUND") -> 63200 | F6: =IF(D6="NOT FOUND","MISSING IN CUSTODIAN",IF(E6<>C6,"AMOUNT BREAK",IF(D6<>B6,"DATE BREAK","MATCHED"))) -> AMOUNT BREAK | H6: Missing in Bank | I6: =COUNTIF(Custodian_Records!G:G,"MISSING IN BANK") -> 2 | L6: TRD1025 | M6: Missing in Custodian | N6: Present in Bank only
A7: TRD1006 | B7: 46284 | C7: 100600 | D7: =IFERROR(VLOOKUP(A7,Custodian_Records!A:F,2,FALSE),"NOT FOUND") -> 46284 | E7: =IFERROR(VLOOKUP(Reconciliation!A7,Custodian_Records!A:F,6,FALSE),"NOT FOUND") -> 100600 | F7: =IF(D7="NOT FOUND","MISSING IN CUSTODIAN",IF(E7<>C7,"AMOUNT BREAK",IF(D7<>B7,"DATE BREAK","MATCHED"))) -> MATCHED | H7: Total Breaks | I7: =SUM(I3:I6) -> 12 | L7: TRD1030 | M7: Amount mismatch | N7: Bank 542,600 vs Custodian 542,100
A8: TRD1007 | B8: 46267 | C8: 148600 | D8: =IFERROR(VLOOKUP(A8,Custodian_Records!A:F,2,FALSE),"NOT FOUND") -> 46267 | E8: =IFERROR(VLOOKUP(Reconciliation!A8,Custodian_Records!A:F,6,FALSE),"NOT FOUND") -> 148600 | F8: =IF(D8="NOT FOUND","MISSING IN CUSTODIAN",IF(E8<>C8,"AMOUNT BREAK",IF(D8<>B8,"DATE BREAK","MATCHED"))) -> MATCHED | L8: TRD1037 | M8: Date mismatch | N8: Bank 2026-09-06 vs Custodian 2026-09-07
A9: TRD1008 | B9: 46270 | C9: 131900 | D9: =IFERROR(VLOOKUP(A9,Custodian_Records!A:F,2,FALSE),"NOT FOUND") -> 46270 | E9: =IFERROR(VLOOKUP(Reconciliation!A9,Custodian_Records!A:F,6,FALSE),"NOT FOUND") -> 131900 | F9: =IF(D9="NOT FOUND","MISSING IN CUSTODIAN",IF(E9<>C9,"AMOUNT BREAK",IF(D9<>B9,"DATE BREAK","MATCHED"))) -> MATCHED | L9: TRD1042 | M9: Amount mismatch | N9: Bank 453,400 vs Custodian 452,200
A10: TRD1009 | B10: 46283 | C10: 72200 | D10: =IFERROR(VLOOKUP(A10,Custodian_Records!A:F,2,FALSE),"NOT FOUND") -> 46283 | E10: =IFERROR(VLOOKUP(Reconciliation!A10,Custodian_Records!A:F,6,FALSE),"NOT FOUND") -> 72200 | F10: =IF(D10="NOT FOUND","MISSING IN CUSTODIAN",IF(E10<>C10,"AMOUNT BREAK",IF(D10<>B10,"DATE BREAK","MATCHED"))) -> MATCHED | L10: TRD1049 | M10: Missing in Custodian | N10: Present in Bank only
A11: TRD1010 | B11: 46277 | C11: 804000 | D11: =IFERROR(VLOOKUP(A11,Custodian_Records!A:F,2,FALSE),"NOT FOUND") -> 46278 | E11: =IFERROR(VLOOKUP(Reconciliation!A11,Custodian_Records!A:F,6,FALSE),"NOT FOUND") -> 804000 | F11: =IF(D11="NOT FOUND","MISSING IN CUSTODIAN",IF(E11<>C11,"AMOUNT BREAK",IF(D11<>B11,"DATE BREAK","MATCHED"))) -> DATE BREAK | L11: TRD1056 | M11: Amount mismatch | N11: Bank 395,500 vs Custodian 396,700
A12: TRD1011 | B12: 46284 | C12: 285750 | D12: =IFERROR(VLOOKUP(A12,Custodian_Records!A:F,2,FALSE),"NOT FOUND") -> 46284 | E12: =IFERROR(VLOOKUP(Reconciliation!A12,Custodian_Records!A:F,6,FALSE),"NOT FOUND") -> 285750 | F12: =IF(D12="NOT FOUND","MISSING IN CUSTODIAN",IF(E12<>C12,"AMOUNT BREAK",IF(D12<>B12,"DATE BREAK","MATCHED"))) -> MATCHED | L12: TRD2001 | M12: Missing in Bank | N12: Present in Custodian only
A13: TRD1012 | B13: 46283 | C13: 331050 | D13: =IFERROR(VLOOKUP(A13,Custodian_Records!A:F,2,FALSE),"NOT FOUND") -> 46283 | E13: =IFERROR(VLOOKUP(Reconciliation!A13,Custodian_Records!A:F,6,FALSE),"NOT FOUND") -> 331050 | F13: =IF(D13="NOT FOUND","MISSING IN CUSTODIAN",IF(E13<>C13,"AMOUNT BREAK",IF(D13<>B13,"DATE BREAK","MATCHED"))) -> MATCHED | L13: TRD2002 | M13: Missing in Bank | N13: Present in Custodian only
A14: TRD1013 | B14: 46277 | C14: 103600 | D14: =IFERROR(VLOOKUP(A14,Custodian_Records!A:F,2,FALSE),"NOT FOUND") -> 46277 | E14: =IFERROR(VLOOKUP(Reconciliation!A14,Custodian_Records!A:F,6,FALSE),"NOT FOUND") -> 103600 | F14: =IF(D14="NOT FOUND","MISSING IN CUSTODIAN",IF(E14<>C14,"AMOUNT BREAK",IF(D14<>B14,"DATE BREAK","MATCHED"))) -> MATCHED
A15: TRD1014 | B15: 46268 | C15: 367650 | D15: =IFERROR(VLOOKUP(A15,Custodian_Records!A:F,2,FALSE),"NOT FOUND") -> NOT FOUND | E15: =IFERROR(VLOOKUP(Reconciliation!A15,Custodian_Records!A:F,6,FALSE),"NOT FOUND") -> NOT FOUND | F15: =IF(D15="NOT FOUND","MISSING IN CUSTODIAN",IF(E15<>C15,"AMOUNT BREAK",IF(D15<>B15,"DATE BREAK","MATCHED"))) -> MISSING IN CUSTODIAN
A16: TRD1015 | B16: 46276 | C16: 295800 | D16: =IFERROR(VLOOKUP(A16,Custodian_Records!A:F,2,FALSE),"NOT FOUND") -> 46276 | E16: =IFERROR(VLOOKUP(Reconciliation!A16,Custodian_Records!A:F,6,FALSE),"NOT FOUND") -> 295800 | F16: =IF(D16="NOT FOUND","MISSING IN CUSTODIAN",IF(E16<>C16,"AMOUNT BREAK",IF(D16<>B16,"DATE BREAK","MATCHED"))) -> MATCHED
A17: TRD1016 | B17: 46269 | C17: 195000 | D17: =IFERROR(VLOOKUP(A17,Custodian_Records!A:F,2,FALSE),"NOT FOUND") -> 46269 | E17: =IFERROR(VLOOKUP(Reconciliation!A17,Custodian_Records!A:F,6,FALSE),"NOT FOUND") -> 195000 | F17: =IF(D17="NOT FOUND","MISSING IN CUSTODIAN",IF(E17<>C17,"AMOUNT BREAK",IF(D17<>B17,"DATE BREAK","MATCHED"))) -> MATCHED
A18: TRD1017 | B18: 46270 | C18: 92000 | D18: =IFERROR(VLOOKUP(A18,Custodian_Records!A:F,2,FALSE),"NOT FOUND") -> 46270 | E18: =IFERROR(VLOOKUP(Reconciliation!A18,Custodian_Records!A:F,6,FALSE),"NOT FOUND") -> 92000 | F18: =IF(D18="NOT FOUND","MISSING IN CUSTODIAN",IF(E18<>C18,"AMOUNT BREAK",IF(D18<>B18,"DATE BREAK","MATCHED"))) -> MATCHED
A19: TRD1018 | B19: 46283 | C19: 253950 | D19: =IFERROR(VLOOKUP(A19,Custodian_Records!A:F,2,FALSE),"NOT FOUND") -> 46283 | E19: =IFERROR(VLOOKUP(Reconciliation!A19,Custodian_Records!A:F,6,FALSE),"NOT FOUND") -> 252750 | F19: =IF(D19="NOT FOUND","MISSING IN CUSTODIAN",IF(E19<>C19,"AMOUNT BREAK",IF(D19<>B19,"DATE BREAK","MATCHED"))) -> AMOUNT BREAK
A20: TRD1019 | B20: 46285 | C20: 542000 | D20: =IFERROR(VLOOKUP(A20,Custodian_Records!A:F,2,FALSE),"NOT FOUND") -> 46285 | E20: =IFERROR(VLOOKUP(Reconciliation!A20,Custodian_Records!A:F,6,FALSE),"NOT FOUND") -> 542000 | F20: =IF(D20="NOT FOUND","MISSING IN CUSTODIAN",IF(E20<>C20,"AMOUNT BREAK",IF(D20<>B20,"DATE BREAK","MATCHED"))) -> MATCHED
A21: TRD1020 | B21: 46268 | C21: 631000 | D21: =IFERROR(VLOOKUP(A21,Custodian_Records!A:F,2,FALSE),"NOT FOUND") -> 46268 | E21: =IFERROR(VLOOKUP(Reconciliation!A21,Custodian_Records!A:F,6,FALSE),"NOT FOUND") -> 631000 | F21: =IF(D21="NOT FOUND","MISSING IN CUSTODIAN",IF(E21<>C21,"AMOUNT BREAK",IF(D21<>B21,"DATE BREAK","MATCHED"))) -> MATCHED
A22: TRD1021 | B22: 46267 | C22: 784000 | D22: =IFERROR(VLOOKUP(A22,Custodian_Records!A:F,2,FALSE),"NOT FOUND") -> 46267 | E22: =IFERROR(VLOOKUP(Reconciliation!A22,Custodian_Records!A:F,6,FALSE),"NOT FOUND") -> 784000 | F22: =IF(D22="NOT FOUND","MISSING IN CUSTODIAN",IF(E22<>C22,"AMOUNT BREAK",IF(D22<>B22,"DATE BREAK","MATCHED"))) -> MATCHED
A23: TRD1022 | B23: 46275 | C23: 607600 | D23: =IFERROR(VLOOKUP(A23,Custodian_Records!A:F,2,FALSE),"NOT FOUND") -> 46275 | E23: =IFERROR(VLOOKUP(Reconciliation!A23,Custodian_Records!A:F,6,FALSE),"NOT FOUND") -> 607600 | F23: =IF(D23="NOT FOUND","MISSING IN CUSTODIAN",IF(E23<>C23,"AMOUNT BREAK",IF(D23<>B23,"DATE BREAK","MATCHED"))) -> MATCHED
A24: TRD1023 | B24: 46266 | C24: 148200 | D24: =IFERROR(VLOOKUP(A24,Custodian_Records!A:F,2,FALSE),"NOT FOUND") -> 46266 | E24: =IFERROR(VLOOKUP(Reconciliation!A24,Custodian_Records!A:F,6,FALSE),"NOT FOUND") -> 148200 | F24: =IF(D24="NOT FOUND","MISSING IN CUSTODIAN",IF(E24<>C24,"AMOUNT BREAK",IF(D24<>B24,"DATE BREAK","MATCHED"))) -> MATCHED
A25: TRD1024 | B25: 46281 | C25: 344600 | D25: =IFERROR(VLOOKUP(A25,Custodian_Records!A:F,2,FALSE),"NOT FOUND") -> 46281 | E25: =IFERROR(VLOOKUP(Reconciliation!A25,Custodian_Records!A:F,6,FALSE),"NOT FOUND") -> 344600 | F25: =IF(D25="NOT FOUND","MISSING IN CUSTODIAN",IF(E25<>C25,"AMOUNT BREAK",IF(D25<>B25,"DATE BREAK","MATCHED"))) -> MATCHED
... A61: TRD1060 | B61: 46266 | C61: 551500 | D61: =IFERROR(VLOOKUP(A61,Custodian_Records!A:F,2,FALSE),"NOT FOUND") -> 46266 | E61: =IFERROR(VLOOKUP(Reconciliation!A61,Custodian_Records!A:F,6,FALSE),"NOT FOUND") -> 551500 | F61: =IF(D61="NOT FOUND","MISSING IN CUSTODIAN",IF(E61<>C61,"AMOUNT BREAK",IF(D61<>B61,"DATE BREAK","MATCHED"))) -> MATCHED

Sheet Bank_Records
A1: Trade ID | B1: Trade Date | C1: Security | D1: Side | E1: Quantity | F1: Amount (INR)
A2: TRD1001 | B2: 46276 | C2: INFY | D2: BUY | E2: 200 | F2: 593200
A3: TRD1002 | B3: 46268 | C3: AXISBANK | D3: BUY | E3: 50 | F3: 89850
A4: TRD1003 | B4: 46282 | C4: HDFCBANK | D4: SELL | E4: 50 | F4: 32600
A5: TRD1004 | B5: 46279 | C5: TCS | D5: SELL | E5: 100 | F5: 67100
A6: TRD1005 | B6: 46267 | C6: KOTAKBANK | D6: BUY | E6: 50 | F6: 60700
A7: TRD1006 | B7: 46284 | C7: KOTAKBANK | D7: BUY | E7: 200 | F7: 100600
A8: TRD1007 | B8: 46267 | C8: AXISBANK | D8: SELL | E8: 100 | F8: 148600
A9: TRD1008 | B9: 46270 | C9: AXISBANK | D9: SELL | E9: 50 | F9: 131900
A10: TRD1009 | B10: 46283 | C10: MARUTI | D10: BUY | E10: 100 | F10: 72200
A11: TRD1010 | B11: 46277 | C11: TCS | D11: BUY | E11: 250 | F11: 804000
A12: TRD1011 | B12: 46284 | C12: RELIANCE | D12: SELL | E12: 250 | F12: 285750
A13: TRD1012 | B13: 46283 | C13: ITC | D13: SELL | E13: 150 | F13: 331050
... A61: TRD1060 | B61: 46266 | C61: INFY | D61: BUY | E61: 250 | F61: 551500

Sheet Custodian_Records
A1: Trade ID | B1: Trade Date | C1: Security | D1: Side | E1: Quantity | F1: Amount (INR) | G1: CHECK
A2: TRD2001 | B2: 46271 | C2: INFY | D2: BUY | E2: 100 | F2: 93200 | G2: =IF(COUNTIF(Bank_Records!A:A,A2)=0,"MISSING IN BANK","OK") -> MISSING IN BANK
A3: TRD1030 | B3: 46273 | C3: RELIANCE | D3: BUY | E3: 200 | F3: 542100 | G3: =IF(COUNTIF(Bank_Records!A:A,A3)=0,"MISSING IN BANK","OK") -> OK
A4: TRD1003 | B4: 46282 | C4: HDFCBANK | D4: SELL | E4: 50 | F4: 32600 | G4: =IF(COUNTIF(Bank_Records!A:A,A4)=0,"MISSING IN BANK","OK") -> OK
A5: TRD1034 | B5: 46280 | C5: MARUTI | D5: SELL | E5: 250 | F5: 476750 | G5: =IF(COUNTIF(Bank_Records!A:A,A5)=0,"MISSING IN BANK","OK") -> OK
A6: TRD1008 | B6: 46270 | C6: AXISBANK | D6: SELL | E6: 50 | F6: 131900 | G6: =IF(COUNTIF(Bank_Records!A:A,A6)=0,"MISSING IN BANK","OK") -> OK
A7: TRD1007 | B7: 46267 | C7: AXISBANK | D7: SELL | E7: 100 | F7: 148600 | G7: =IF(COUNTIF(Bank_Records!A:A,A7)=0,"MISSING IN BANK","OK") -> OK
A8: TRD1060 | B8: 46266 | C8: INFY | D8: BUY | E8: 250 | F8: 551500 | G8: =IF(COUNTIF(Bank_Records!A:A,A8)=0,"MISSING IN BANK","OK") -> OK
A9: TRD1046 | B9: 46282 | C9: ICICIBANK | D9: SELL | E9: 500 | F9: 336000 | G9: =IF(COUNTIF(Bank_Records!A:A,A9)=0,"MISSING IN BANK","OK") -> OK
A10: TRD1039 | B10: 46277 | C10: KOTAKBANK | D10: BUY | E10: 50 | F10: 29400 | G10: =IF(COUNTIF(Bank_Records!A:A,A10)=0,"MISSING IN BANK","OK") -> OK
A11: TRD1023 | B11: 46266 | C11: LT | D11: BUY | E11: 150 | F11: 148200 | G11: =IF(COUNTIF(Bank_Records!A:A,A11)=0,"MISSING IN BANK","OK") -> OK
A12: TRD1047 | B12: 46282 | C12: SBIN | D12: BUY | E12: 100 | F12: 175600 | G12: =IF(COUNTIF(Bank_Records!A:A,A12)=0,"MISSING IN BANK","OK") -> OK
A13: TRD1041 | B13: 46277 | C13: KOTAKBANK | D13: BUY | E13: 150 | F13: 336300 | G13: =IF(COUNTIF(Bank_Records!A:A,A13)=0,"MISSING IN BANK","OK") -> OK
... A60: TRD1018 | B60: 46283 | C60: KOTAKBANK | D60: SELL | E60: 150 | F60: 252750 | G60: =IF(COUNTIF(Bank_Records!A:A,A60)=0,"MISSING IN BANK","OK") -> OK
